Date,DOY,Year,Location,AMAV,AMGP,BASA,BBPL,BBSA,BLOY,BLTU,DUNL,GRYE,KILL,LBCU,LBDO,LESA,LEYE,MAGO,PAGP,PEEPS,PESA,REKN,RNPH,RUTU,SAND,SBDO,SEPL,SESA,SPSA,STSA,SURF,UNDO,WATA,WESA,WHIM,WISN,YELLOW
1988-04-18,109,1988,Arakan Flats,0,0,0,0,0,0,0,118,4,0,0,0,12,0,0,0,0,0,0,0,0,0,0,0,0,0,0,0,0,0,10,0,0,0
1988-04-18,109,1988,Chesterman Beach,0,0,0,0,0,0,0,25,0,0,0,0,0,0,0,0,0,0,0,0,0,0,0,3,0,0,0,0,0,0,0,0,0,0
1988-04-18,109,1988,Doug Banks' Flats,0,0,0,0,0,0,0,22,0,0,0,0,27,0,0,0,0,0,0,0,0,0,0,0,0,0,0,0,50,0,18,0,0,0
1988-04-18,109,1988,Ducking Flats,0,0,0,0,0,0,0,0,0,0,0,0,0,0,0,0,0,0,0,0,0,0,0,0,0,0,0,0,0,0,0,0,0,0
1988-04-18,109,1988,South Bay/Maltby Slough,0,0,0,0,0,0,0,53,2,0,0,0,0,0,0,0,0,0,0,0,0,0,0,0,0,2,0,0,0,0,0,0,0,0
1988-04-21,112,1988,Arakan Flats,0,0,0,0,0,0,0,580,34,0,0,0,79,0,0,0,0,0,0,0,0,0,0,0,0,1,0,0,250,0,52,0,0,0
1988-04-21,112,1988,Chesterman Beach,0,0,0,2,0,0,0,0,0,0,0,0,0,0,0,0,0,0,0,0,0,0,0,0,0,0,0,0,0,0,0,0,0,0
1988-04-21,112,1988,Doug Banks' Flats,0,0,0,5,0,0,0,35,0,0,0,0,0,0,0,0,0,0,0,0,0,0,0,0,0,0,0,0,125,0,0,0,0,0
1988-04-21,112,1988,Ducking Flats,0,0,0,0,0,0,0,0,0,0,0,0,0,0,0,0,0,0,0,0,0,0,0,0,0,0,0,0,0,0,0,0,0,0
1988-04-21,112,1988,South Bay/Maltby Slough,0,0,0,0,0,0,0,227,4,0,0,0,15,0,0,0,0,0,0,0,0,0,0,0,0,2,0,0,12,0,207,0,0,0
1988-04-25,116,1988,Arakan Flats,0,0,0,0,0,0,0,755,26,0,0,0,5,0,0,0,0,0,0,0,0,0,0,2,0,0,0,0,423,0,1438,0,0,0
1988-04-25,116,1988,Chesterman Beach,0,0,0,0,0,0,0,40,0,0,0,0,0,0,0,0,0,0,0,0,0,0,0,4,0,0,0,0,0,0,620,0,0,0
1988-04-25,116,1988,Doug Banks' Flats,0,0,0,3,0,0,0,58,4,0,0,0,0,0,0,0,0,0,0,0,0,0,0,0,0,0,0,0,470,0,192,5,0,0
1988-04-25,116,1988,Ducking Flats,0,1,0,5,0,0,0,22,0,0,0,0,215,0,0,0,0,0,0,0,0,0,0,0,0,0,0,0,600,0,275,0,0,0
1988-04-25,116,1988,Grice Bay,0,0,0,0,0,0,0,205,14,0,0,0,20,0,0,0,0,0,0,0,0,0,0,0,0,0,0,0,65,0,800,0,0,0
1988-04-25,116,1988,South Bay/Maltby Slough,0,0,0,0,0,0,0,1005,1,0,0,0,1390,0,0,0,0,0,0,0,0,0,0,0,0,0,0,0,840,0,3740,0,0,0
1988-04-28,119,1988,Arakan Flats,0,0,0,2,0,0,0,400,6,0,0,0,0,0,0,0,0,0,0,0,0,0,0,0,0,0,0,0,250,0,3500,0,0,0
1988-04-28,119,1988,Chesterman Beach,0,0,0,0,0,0,0,0,0,0,0,0,0,0,0,0,0,0,0,0,0,0,0,0,0,0,0,0,0,0,0,0,0,0
1988-04-28,119,1988,Doug Banks' Flats,0,0,0,19,0,0,0,0,0,0,0,0,0,0,0,0,0,0,0,0,0,0,0,0,0,1,0,0,47,0,5255,4,0,0
1988-04-28,119,1988,Ducking Flats,0,0,0,0,0,0,0,0,0,0,0,0,0,0,0,0,0,0,0,0,0,0,0,0,0,0,0,0,0,0,40,0,0,0
1988-04-28,119,1988,South Bay/Maltby Slough,0,0,0,0,0,0,0,10,0,0,0,0,0,0,0,0,0,0,0,0,0,0,0,0,0,0,0,0,0,0,3500,0,0,0
1988-05-02,123,1988,Arakan Flats,0,0,0,0,0,0,0,1300,2,0,0,0,100,0,0,0,0,0,0,0,0,0,0,0,0,0,0,0,0,0,900,0,0,0
1988-05-02,123,1988,Doug Banks' Flats,0,0,0,1,0,0,0,40,0,0,0,0,250,0,0,0,0,0,0,0,0,0,0,0,0,0,0,0,70,0,2100,32,0,0
1988-05-02,123,1988,Ducking Flats,0,0,0,0,0,0,0,300,0,0,0,0,0,0,0,0,0,0,0,0,0,0,0,0,0,0,0,0,50,0,0,44,0,0
1988-05-02,123,1988,South Bay/Maltby Slough,0,0,0,0,0,0,0,25,0,0,0,0,0,0,0,0,0,0,0,0,0,0,0,0,0,0,0,0,40,0,395,18,0,0
1988-05-05,126,1988,Arakan Flats,0,0,0,0,0,0,0,5,4,0,0,0,0,0,0,0,0,0,0,0,0,0,0,0,0,0,0,0,0,0,565,0,0,0
1988-05-05,126,1988,Chesterman Beach,0,0,0,0,0,0,0,2,0,0,0,0,0,0,0,0,0,0,0,0,0,0,0,3,0,0,0,0,0,0,12,0,0,0
1988-05-05,126,1988,Doug Banks' Flats,0,0,0,0,0,0,0,0,2,0,0,0,0,0,0,0,0,0,0,0,0,0,0,0,0,0,0,0,160,0,0,1,0,0
1988-05-05,126,1988,Ducking Flats,0,0,0,0,0,0,0,0,1,0,0,0,0,0,0,0,0,0,0,0,0,0,0,0,0,0,0,0,0,0,18,0,0,0
1988-05-05,126,1988,Grice Bay,0,0,0,5,0,0,0,350,0,0,0,0,0,0,0,0,0,0,0,0,0,0,0,0,0,0,0,0,760,0,750,174,0,0
1988-05-05,126,1988,South Bay/Maltby Slough,0,0,0,0,0,0,0,400,0,0,0,0,42,0,0,0,0,0,0,0,2,0,0,0,0,1,0,0,120,0,1000,8,0,0
1988-05-09,130,1988,Arakan Flats,0,0,0,0,0,0,0,3,0,0,0,0,0,0,0,0,0,0,0,0,0,0,0,10,0,0,0,0,0,0,90,0,0,0
1988-05-09,130,1988,Chesterman Beach,0,0,0,2,0,0,0,201,0,0,0,0,0,0,0,0,0,0,0,0,0,0,0,78,0,0,0,0,0,0,405,0,0,0
1988-05-09,130,1988,Doug Banks' Flats,0,0,0,0,0,0,0,100,0,0,0,0,30,0,1,0,0,0,2,0,0,0,0,0,0,0,0,0,103,0,900,182,0,0
1988-05-09,130,1988,Ducking Flats,0,0,0,0,0,0,0,40,0,0,0,0,0,0,0,0,0,0,0,0,0,0,0,7,0,0,0,0,0,0,620,8,0,0
1988-05-09,130,1988,South Bay/Maltby Slough,0,0,0,1,0,0,0,2320,0,0,0,0,0,0,0,0,0,0,0,0,0,0,0,14,0,0,0,0,0,0,1800,0,0,0
1988-05-12,133,1988,Arakan Flats,0,0,0,0,0,0,0,0,0,0,0,0,0,0,0,0,0,0,0,0,0,0,0,0,0,0,0,0,0,0,20,24,0,0
1988-05-12,133,1988,Chesterman Beach,0,0,0,0,0,0,0,0,0,0,0,0,0,0,0,0,0,0,0,0,0,0,0,0,0,0,0,0,7,0,45,0,0,0
1988-05-12,133,1988,Doug Banks' Flats,0,0,0,1,0,0,0,120,0,0,0,0,0,0,0,0,0,0,0,0,0,0,0,0,0,0,0,0,72,0,1050,225,0,0
1988-05-12,133,1988,South Bay/Maltby Slough,0,0,0,0,0,0,0,36,0,0,0,0,0,0,0,0,0,0,0,0,0,0,0,0,0,0,0,0,0,0,280,0,0,0
1988-05-19,140,1988,Chesterman Beach,0,0,0,0,0,0,0,25,0,0,0,0,0,0,0,0,0,0,0,0,0,0,0,6,0,0,0,0,0,0,63,0,0,0
1988-05-19,140,1988,Doug Banks' Flats,0,0,0,0,0,0,0,0,2,0,0,0,0,0,0,0,0,0,0,0,0,0,0,0,0,0,0,0,0,0,52,26,0,0
1988-05-19,140,1988,Ducking Flats,0,0,0,0,0,0,0,0,0,0,0,0,0,0,0,0,0,0,0,0,0,0,0,0,0,0,0,0,0,0,0,0,0,0
1988-05-19,140,1988,Grice Bay,0,0,0,0,0,0,0,0,0,0,0,0,0,0,0,0,0,0,0,0,0,0,0,1,0,0,0,0,23,0,140,117,0,0
1988-05-19,140,1988,South Bay/Maltby Slough,0,0,0,0,0,0,0,0,0,0,0,0,0,0,0,0,0,0,0,0,0,0,0,0,0,0,0,0,0,0,1,4,0,0
1988-05-23,144,1988,Doug Banks' Flats,0,0,0,15,0,0,0,1,0,0,0,0,0,0,0,0,0,0,0,0,1,0,0,9,0,0,0,0,4,0,70,51,0,0
1988-05-23,144,1988,Ducking Flats,0,0,0,0,0,0,0,0,0,0,0,0,0,0,0,0,0,0,0,0,0,0,0,0,0,0,0,0,0,0,0,12,0,0
1988-05-23,144,1988,Grice Bay,0,0,0,0,0,0,0,0,1,0,0,0,0,0,0,0,0,0,0,0,0,0,0,0,0,0,0,0,5,0,0,0,0,0
1988-05-23,144,1988,South Bay/Maltby Slough,0,0,0,1,0,0,0,0,0,0,0,0,0,0,0,0,0,0,0,0,0,0,0,0,0,0,0,0,0,0,0,0,0,0
1988-05-26,147,1988,Arakan Flats,0,0,0,0,0,0,0,0,0,0,0,0,0,0,0,0,0,0,0,0,0,0,0,0,0,0,0,0,0,0,0,0,0,0
1988-05-26,147,1988,Doug Banks' Flats,0,0,0,0,0,0,0,0,0,0,0,0,0,0,0,0,0,0,0,0,0,0,0,0,0,0,0,0,0,0,12,0,0,0
1988-05-26,147,1988,South Bay/Maltby Slough,0,0,0,0,0,0,0,0,0,0,0,0,0,0,0,0,0,0,0,0,0,0,0,0,0,0,0,0,0,0,0,1,0,0
1988-06-23,175,1988,Grice Bay,0,0,0,0,0,0,0,0,0,0,0,0,0,0,0,0,0,0,0,0,0,0,0,0,0,0,0,0,0,0,0,49,0,0
1988-07-13,195,1988,Arakan Flats,0,0,0,0,0,0,0,0,0,0,0,0,20,0,0,0,0,0,0,0,0,0,0,0,0,0,0,0,0,0,60,0,0,0
1988-07-13,195,1988,Chesterman Beach,0,0,0,0,0,0,0,0,0,0,0,0,0,0,0,0,0,0,0,0,0,0,0,0,0,0,0,0,0,0,4,0,0,0
1988-07-13,195,1988,Doug Banks' Flats,0,0,0,0,0,0,0,0,0,0,0,0,1,0,0,0,0,0,0,0,0,0,0,0,0,0,0,0,0,0,12,0,0,0
1988-07-13,195,1988,Ducking Flats,0,0,0,0,0,0,0,0,0,0,0,0,0,0,0,0,0,0,0,0,0,0,0,0,0,0,0,0,0,0,0,0,0,0
1988-07-13,195,1988,Grice Bay,0,0,0,0,0,0,0,0,0,0,0,0,10,0,0,0,0,0,0,0,0,0,0,0,0,0,0,0,0,0,60,0,0,0
1988-07-13,195,1988,South Bay/Maltby Slough,0,0,0,0,0,0,0,0,0,0,0,0,0,0,0,0,0,0,0,0,0,0,0,0,0,0,0,0,0,0,25,0,0,0
1988-07-20,202,1988,Arakan Flats,0,0,0,0,0,0,0,0,0,0,0,0,0,0,0,0,0,0,0,0,0,0,0,0,0,0,0,0,0,0,35,0,0,0
1988-07-20,202,1988,Chesterman Beach,0,0,0,0,0,0,0,0,0,0,0,0,2,0,0,0,0,0,0,0,0,0,0,0,0,0,0,0,0,0,20,0,0,0
1988-07-20,202,1988,Doug Banks' Flats,0,0,0,0,0,0,0,0,2,0,0,0,10,0,0,0,0,0,0,0,0,0,0,0,0,0,0,0,0,0,60,0,0,0
1988-07-20,202,1988,Ducking Flats,0,0,0,0,0,0,0,0,0,0,0,0,0,0,0,0,0,0,0,0,0,0,0,0,0,0,0,0,0,0,0,0,0,0
1988-07-20,202,1988,South Bay/Maltby Slough,0,0,0,2,0,0,0,0,1,0,0,0,0,0,0,0,0,0,0,0,0,0,0,0,0,1,0,0,140,0,227,41,0,0
1988-08-12,225,1988,Arakan Flats,0,0,0,0,0,0,0,0,0,0,0,0,0,0,0,0,0,0,0,0,0,0,0,0,0,0,0,0,0,0,3000,0,0,0
1988-08-12,225,1988,Chesterman Beach,0,0,0,0,0,0,0,0,0,0,0,0,4,0,0,0,0,0,0,0,0,0,0,0,0,0,0,0,0,0,250,0,0,0
1988-08-12,225,1988,Doug Banks' Flats,0,0,0,0,0,0,0,0,0,0,0,0,0,0,0,0,0,0,0,0,0,0,0,0,0,0,0,0,0,0,20,4,0,0
1988-08-12,225,1988,Ducking Flats,0,0,0,0,0,0,0,0,0,0,0,0,0,0,0,0,0,0,0,0,0,0,0,0,0,0,0,0,0,0,56,0,0,0
1988-08-12,225,1988,South Bay/Maltby Slough,0,0,0,0,0,0,0,0,0,0,0,0,0,0,0,0,0,0,0,0,0,0,0,0,0,0,0,0,0,0,4,0,0,0
1988-08-29,242,1988,Arakan Flats,0,0,0,0,0,0,0,0,0,0,0,0,0,0,0,0,0,0,0,0,0,0,0,0,0,0,0,0,0,0,3500,0,0,0
1988-08-29,242,1988,Chesterman Beach,0,0,0,0,0,0,0,0,0,0,0,0,0,0,0,0,0,0,0,0,0,12,0,0,0,0,0,0,0,0,12,0,0,0
1988-08-29,242,1988,Doug Banks' Flats,0,0,0,0,0,0,0,0,0,0,0,0,0,0,0,0,0,0,0,0,0,0,0,0,0,0,0,0,0,0,0,0,0,0
1988-08-29,242,1988,Ducking Flats,0,0,0,0,0,0,0,0,0,0,0,0,0,0,0,0,0,0,0,0,0,0,0,0,0,0,0,0,0,0,0,0,0,0
1988-08-29,242,1988,Grice Bay,0,0,0,0,0,0,0,0,0,0,0,0,200,0,0,0,0,0,0,0,0,0,0,0,0,0,0,0,0,0,300,0,0,0
1988-08-29,242,1988,South Bay/Maltby Slough,0,0,0,0,0,0,0,0,2,0,0,0,0,0,0,0,0,0,0,0,0,0,0,0,0,1,0,0,0,0,0,0,0,0
1989-08-15,227,1989,Arakan Flats,0,0,0,0,0,0,1,0,0,0,0,0,3600,1,0,0,0,0,0,0,0,0,0,5,0,2,0,0,0,0,8400,0,0,0
1989-08-15,227,1989,Doug Banks' Flats,0,0,0,2,0,0,0,0,1,0,0,0,375,0,0,0,0,0,0,0,0,0,0,0,0,0,0,0,6,0,875,0,0,0
1989-08-15,227,1989,Ducking Flats,0,0,0,4,0,0,0,0,0,0,0,0,140,0,0,0,0,0,1,0,0,0,0,5,0,0,0,0,8,0,325,0,0,0
1989-08-15,227,1989,South Bay/Maltby Slough,0,0,0,0,0,0,0,0,0,0,0,0,325,0,0,0,0,0,0,0,0,0,0,0,0,0,0,0,32,0,755,4,0,0
1989-08-19,231,1989,Arakan Flats,0,0,0,0,0,0,0,0,0,0,0,0,0,0,0,0,0,0,0,0,0,0,0,0,0,0,0,0,0,0,34000,0,0,0
1989-08-19,231,1989,Chesterman Beach,0,0,0,0,0,0,0,0,0,0,0,0,56,0,0,0,0,0,0,0,0,16,0,12,0,0,0,0,0,0,454,0,0,0
1989-08-19,231,1989,Doug Banks' Flats,0,0,0,0,0,0,0,0,0,0,0,0,225,0,0,0,0,0,0,0,0,0,0,0,0,0,0,0,0,0,1575,0,0,0
1989-08-19,231,1989,Ducking Flats,0,0,0,6,0,0,0,0,0,0,0,0,0,0,0,0,0,0,0,0,0,0,0,0,0,0,0,0,22,0,1055,4,0,0
1989-08-19,231,1989,Grice Bay,0,0,0,0,0,0,0,0,0,0,0,0,300,0,0,0,0,0,0,0,0,0,0,0,0,0,0,0,28,0,2100,6,0,0
1989-08-19,231,1989,South Bay/Maltby Slough,0,0,0,2,0,0,0,0,4,0,0,0,1250,0,0,0,0,0,0,0,0,0,0,4,0,0,2,0,0,0,3750,0,0,0
1989-08-22,234,1989,Arakan Flats,0,0,0,0,0,0,0,0,0,0,0,0,0,0,0,0,0,0,0,0,0,0,0,0,0,0,0,0,0,0,6350,0,0,0
1989-08-22,234,1989,Chesterman Beach,0,0,0,0,0,0,0,0,0,0,0,0,0,0,0,0,0,0,0,0,0,1,0,39,0,0,0,0,0,0,2900,0,0,0
1989-08-22,234,1989,Doug Banks' Flats,0,0,0,0,0,0,1,0,0,0,0,0,0,0,0,0,0,0,0,0,0,0,0,0,0,0,0,0,10,0,35,0,0,0
1989-08-22,234,1989,Ducking Flats,0,0,0,0,0,0,0,0,0,0,0,0,0,0,0,0,0,0,0,0,0,0,0,0,0,0,0,0,0,0,70,0,0,0
1989-08-22,234,1989,Grice Bay,0,0,0,2,0,0,0,0,0,0,0,0,0,0,0,0,0,0,0,0,0,0,0,0,0,0,0,0,0,0,250,0,0,0
1989-08-22,234,1989,South Bay/Maltby Slough,0,0,0,0,0,0,0,0,5,0,0,0,520,0,0,0,0,3,2,0,0,0,0,3,0,0,0,0,30,0,28015,1,0,0
1989-08-24,236,1989,Chesterman Beach,0,0,0,0,0,0,0,0,0,0,0,0,500,0,0,0,0,0,0,0,0,0,0,0,0,0,0,0,0,0,10500,0,0,0
1989-08-26,238,1989,Arakan Flats,0,0,0,0,0,0,0,0,0,0,0,0,0,0,0,0,0,0,0,0,0,0,0,0,0,0,0,0,0,0,15000,0,0,0
1989-08-26,238,1989,Chesterman Beach,0,0,0,0,0,0,0,0,0,0,0,0,0,2,0,0,0,0,0,0,0,56,0,11,0,0,0,0,0,0,230,0,0,0
1989-08-26,238,1989,Doug Banks' Flats,0,1,4,2,0,0,0,0,0,0,0,0,0,0,0,0,0,0,1,0,0,0,0,0,0,0,0,0,130,0,2570,0,0,0
1989-08-26,238,1989,Grice Bay,0,0,0,0,0,0,0,0,0,0,0,0,0,0,0,0,0,0,0,0,0,0,0,0,0,0,0,0,0,0,15,0,0,0
1989-08-26,238,1989,South Bay/Maltby Slough,0,0,0,0,0,0,0,0,0,0,0,0,0,0,0,0,0,0,0,0,0,0,0,0,0,0,0,0,0,0,4760,0,0,0
1989-08-29,241,1989,Arakan Flats,0,0,0,1,0,0,0,0,0,0,0,0,0,0,0,0,0,0,0,0,0,0,0,0,0,0,0,0,0,0,15000,0,0,0
1989-08-29,241,1989,Chesterman Beach,0,0,2,0,0,0,0,0,0,0,0,0,0,3,0,0,0,0,0,0,0,86,0,18,0,0,0,0,10,0,77,0,0,0
1989-08-29,241,1989,Doug Banks' Flats,0,0,0,0,0,0,0,0,1,0,0,0,358,0,0,0,0,0,0,0,0,0,0,0,0,0,0,0,41,0,537,0,0,0
1989-08-29,241,1989,Ducking Flats,0,0,0,0,0,0,0,0,0,0,0,0,0,0,0,0,0,0,2,0,0,0,0,0,0,0,0,0,0,0,255,0,0,0
1989-08-29,241,1989,Grice Bay,0,0,0,0,0,0,0,0,0,0,0,0,3,0,0,0,0,0,0,0,0,0,0,0,0,0,0,0,0,0,0,0,0,0
1989-08-29,241,1989,South Bay/Maltby Slough,0,0,0,0,0,0,0,0,0,0,0,0,0,0,0,0,0,0,0,0,0,0,0,0,0,0,0,0,0,0,0,0,0,0
1989-09-02,245,1989,Arakan Flats,0,0,0,0,0,0,0,0,0,0,0,0,0,0,0,0,0,0,0,0,0,0,0,0,0,0,0,0,0,0,19000,0,0,0
1989-09-02,245,1989,Chesterman Beach,0,0,4,0,0,0,0,0,0,0,0,0,0,0,0,0,0,0,0,0,0,20,0,26,0,0,0,0,0,0,1345,0,0,0
1989-09-02,245,1989,Doug Banks' Flats,0,0,0,0,0,0,0,0,0,0,0,0,298,0,0,0,0,0,0,0,0,0,0,0,0,0,0,0,0,0,127,0,0,0
1989-09-02,245,1989,Ducking Flats,0,0,0,0,0,0,2,0,0,0,0,0,0,0,0,0,0,0,0,0,0,0,0,0,0,0,0,0,0,0,1300,0,0,0
1989-09-02,245,1989,South Bay/Maltby Slough,0,0,0,0,0,0,0,0,0,0,0,0,13,0,0,0,0,0,0,0,0,3,0,0,0,0,0,0,0,0,805,0,0,0
1989-09-06,249,1989,Arakan Flats,0,0,0,0,0,0,0,0,0,0,0,0,0,0,0,0,0,0,0,0,0,0,0,0,0,0,1,0,0,0,10500,0,0,0
1989-09-06,249,1989,Chesterman Beach,0,0,0,0,0,0,0,0,0,0,0,0,0,0,0,0,0,0,0,0,0,2,0,12,0,0,0,0,0,0,1450,0,0,0
1989-09-06,249,1989,Doug Banks' Flats,0,0,0,0,0,0,0,0,0,0,0,0,0,0,0,0,0,0,0,0,0,0,0,0,0,0,0,0,54,0,85,0,0,0
1989-09-06,249,1989,Ducking Flats,0,0,0,0,0,0,0,0,0,0,0,0,0,0,0,0,0,0,0,0,0,0,0,0,0,0,0,0,0,0,55,0,0,0
1989-09-06,249,1989,Grice Bay,0,0,0,0,0,0,0,0,0,0,0,0,0,0,0,0,0,0,0,0,0,0,0,0,0,0,0,0,2,0,0,0,0,0
1989-09-06,249,1989,South Bay/Maltby Slough,0,0,0,0,0,0,0,0,0,0,0,0,100,0,0,0,0,0,0,0,0,1,0,0,0,0,0,0,0,0,1300,0,0,0
1989-09-09,252,1989,Arakan Flats,0,0,0,0,0,0,0,0,0,0,0,0,0,0,0,0,0,0,0,0,0,0,0,0,0,0,1,0,0,0,12000,0,0,0
1989-09-09,252,1989,Ducking Flats,0,0,0,0,0,0,0,0,0,0,0,0,1,0,0,0,0,0,0,0,0,0,0,0,0,0,0,0,0,0,0,0,0,0
1989-09-09,252,1989,Grice Bay,0,0,0,0,0,0,0,0,0,0,0,0,0,0,0,0,0,0,0,0,0,0,0,0,0,0,0,0,0,0,260,0,0,0
1989-09-09,252,1989,South Bay/Maltby Slough,0,0,0,0,0,0,0,0,4,0,0,0,0,0,0,0,0,0,0,0,0,0,0,0,0,0,0,0,3,0,310,0,0,0
1989-09-12,255,1989,Arakan Flats,0,0,0,0,0,0,0,0,0,0,0,0,0,0,0,0,0,0,0,0,0,0,0,0,0,0,0,0,0,0,4800,0,0,0
1989-09-12,255,1989,Chesterman Beach,0,2,2,0,0,0,0,0,0,0,0,0,28,0,0,0,0,0,0,0,0,14,0,10,0,0,0,0,0,0,0,0,0,0
1989-09-12,255,1989,Doug Banks' Flats,0,0,0,0,0,0,0,0,0,0,0,0,4,0,0,0,0,0,0,0,0,0,0,0,0,0,0,0,0,0,0,0,0,0
1989-09-16,259,1989,Arakan Flats,0,0,0,0,0,0,0,0,0,0,0,0,0,0,0,0,0,0,0,0,0,0,0,0,0,0,0,0,0,0,10,0,0,0
1989-09-16,259,1989,Chesterman Beach,0,0,0,0,0,0,0,0,0,0,0,0,0,0,0,0,0,0,0,0,0,1,0,0,0,0,0,0,0,0,85,0,0,0
1989-09-16,259,1989,Doug Banks' Flats,0,0,0,0,0,0,0,0,0,0,0,0,24,0,0,0,0,0,0,0,0,0,0,0,0,0,0,0,6,0,0,0,0,0
1989-09-16,259,1989,South Bay/Maltby Slough,0,0,0,0,0,0,0,0,0,0,0,0,3,0,0,0,0,0,0,0,0,0,0,0,0,0,0,0,0,0,132,0,0,0
1989-09-19,262,1989,Arakan Flats,0,0,0,0,0,11,0,0,0,0,0,0,0,0,0,0,0,0,0,0,0,0,0,0,0,0,0,0,0,0,28,0,0,0
1989-09-19,262,1989,Doug Banks' Flats,0,0,0,0,0,0,0,0,0,0,0,0,0,0,0,0,0,1,0,0,0,0,0,0,0,0,0,0,0,0,24,0,0,0
1989-09-22,265,1989,Doug Banks' Flats,0,0,0,0,0,0,0,0,0,0,0,0,0,0,0,0,0,0,0,0,0,0,0,0,0,0,0,0,0,0,2,0,0,0
1989-09-22,265,1989,Ducking Flats,0,0,0,0,0,0,0,0,0,0,0,0,0,0,0,0,0,0,0,0,0,0,0,0,0,1,0,0,0,0,6,0,0,0
1989-09-22,265,1989,Grice Bay,0,0,0,0,0,0,0,0,0,0,0,0,0,0,0,0,0,0,0,0,0,0,0,0,0,0,0,0,0,0,2,0,0,0
1989-09-25,268,1989,Chesterman Beach,0,0,0,0,0,0,0,0,0,0,0,0,0,0,0,0,0,0,0,0,0,0,0,0,0,0,0,0,0,0,1,0,0,0
1989-09-25,268,1989,Doug Banks' Flats,0,2,0,2,0,0,0,0,0,0,0,0,0,0,0,0,0,0,0,0,0,0,0,0,0,0,0,0,1,0,0,0,0,0
1989-09-25,268,1989,Ducking Flats,0,0,0,1,0,0,0,0,0,0,0,0,0,0,0,0,0,0,0,0,0,0,0,0,0,0,0,0,0,0,0,0,0,0
1989-09-25,268,1989,South Bay/Maltby Slough,0,0,0,0,0,0,0,0,0,0,0,0,0,0,0,0,0,0,0,0,0,15,0,0,0,0,0,0,0,0,3,0,0,0
1989-09-29,272,1989,Arakan Flats,0,0,0,0,0,0,0,0,0,0,0,0,0,0,0,0,0,0,0,0,0,0,0,0,0,0,0,0,0,0,5,0,0,0
1989-09-29,272,1989,Chesterman Beach,0,0,0,0,0,0,0,0,0,0,0,0,0,0,0,0,0,0,0,0,0,0,0,1,0,0,0,0,0,0,0,0,0,0
1989-09-29,272,1989,Doug Banks' Flats,0,0,0,0,0,0,0,0,0,0,0,0,8,0,0,0,0,0,0,0,0,0,0,0,0,0,0,0,0,0,0,0,0,0
1989-10-06,279,1989,Arakan Flats,0,0,1,0,0,0,42,0,0,0,0,0,7,0,0,0,0,0,0,0,0,0,0,0,0,0,0,0,1,0,28,0,0,0
1989-10-06,279,1989,Doug Banks' Flats,0,0,0,18,0,0,0,9,0,0,0,0,0,0,0,0,0,0,0,0,0,0,0,0,0,0,0,0,2,0,0,0,0,0
1989-10-06,279,1989,Ducking Flats,0,0,0,0,0,0,0,0,0,0,0,0,0,0,0,0,0,0,0,0,0,0,0,0,0,0,0,0,0,0,0,0,1,0
1995-04-22,112,1995,Doug Banks' Flats,0,0,0,2,0,0,0,1,0,0,0,0,0,0,0,0,0,0,0,0,0,0,0,0,0,0,0,0,11,0,0,0,0,0
1995-04-22,112,1995,"Grice Bay - Road, Islet",0,0,0,0,0,0,0,4,0,0,0,0,0,0,0,0,0,0,0,0,0,0,0,0,0,0,0,0,0,0,2,7,0,1
1995-04-24,114,1995,Doug Banks' Flats,0,0,0,1,0,0,0,413,0,0,0,0,0,0,0,0,0,0,0,0,0,0,0,0,0,0,0,0,187,0,267,0,0,0
1995-04-24,114,1995,Grice Bay - Boat Launch,0,0,0,0,0,0,0,0,0,0,0,0,0,0,0,0,0,0,0,0,0,0,0,0,0,0,0,0,25,0,0,0,0,0
1995-04-24,114,1995,"Grice Bay - Road, Islet",0,0,0,0,0,0,0,0,0,0,0,0,0,0,0,0,0,0,0,0,0,0,0,0,0,0,0,0,9,0,0,0,0,0
1995-04-25,115,1995,Arakan Flats,0,0,0,0,0,0,0,307,0,0,0,0,2,0,0,0,0,0,0,0,0,0,0,0,0,0,0,0,0,0,496,0,0,0
1995-04-25,115,1995,Chesterman Beach,0,0,0,0,0,0,0,3,0,0,0,0,0,0,0,0,0,0,0,0,0,0,0,8,0,0,0,0,0,0,290,0,0,0
1995-04-25,115,1995,Doug Banks' Flats,0,0,0,17,0,0,0,682,0,0,0,0,5,0,0,0,0,0,0,0,0,0,0,15,0,0,0,0,602,0,1012,0,0,0
1995-04-25,115,1995,Ducking Flats,0,0,0,0,0,0,0,0,0,0,0,0,0,0,0,0,0,0,0,0,0,0,0,0,0,0,0,0,88,0,132,0,0,0
1995-04-25,115,1995,South Bay/Maltby Slough,0,0,0,12,0,0,0,237,0,0,0,0,0,0,0,0,0,0,0,0,0,0,0,0,0,0,0,0,537,0,1263,0,0,0
1995-04-26,116,1995,Arakan Flats,0,0,0,18,0,0,0,224,0,0,0,0,27,0,0,0,0,0,0,0,0,0,0,0,0,0,0,0,1014,0,1087,0,0,0
1995-04-26,116,1995,Chesterman Beach,0,0,0,0,0,0,0,3,0,0,0,0,0,0,0,0,0,0,0,0,0,0,0,14,0,0,0,0,0,0,32,0,0,0
1995-04-26,116,1995,Doug Banks' Flats,0,0,0,30,0,0,0,357,0,0,0,0,44,0,0,0,0,0,0,0,0,0,0,0,0,0,0,0,1470,0,1099,6,0,0
1995-04-26,116,1995,Ducking Flats,0,0,0,0,0,0,0,95,0,0,0,0,12,0,0,0,0,0,0,0,0,0,0,0,0,0,0,0,1050,0,1443,0,0,0
1995-04-26,116,1995,South Bay/Maltby Slough,0,0,0,35,0,0,0,0,0,0,0,0,0,0,0,0,0,0,0,0,0,0,0,0,0,0,0,0,1465,0,2000,0,0,0
1995-04-27,117,1995,Arakan Flats,0,0,0,0,0,0,0,0,0,0,0,0,0,0,0,0,0,0,0,0,0,0,0,0,0,0,0,0,600,0,1000,0,0,0
1995-04-27,117,1995,Chesterman Beach,0,0,0,0,0,0,0,0,0,0,0,0,0,0,0,0,0,0,0,0,0,0,0,4,0,0,0,0,0,0,3,0,0,0
1995-04-27,117,1995,Doug Banks' Flats,0,0,0,30,0,0,0,607,0,0,0,0,73,0,0,0,0,0,0,0,0,0,0,0,0,0,0,0,1600,0,1870,0,0,0
1995-04-27,117,1995,Grice Bay - Boat Launch,0,0,0,1,0,0,0,33,0,0,0,0,4,0,0,0,0,0,0,0,0,0,0,0,0,0,0,0,82,0,103,0,0,0
1995-04-27,117,1995,"Grice Bay - Road, Islet",0,0,0,0,0,0,0,0,0,0,0,0,0,0,0,0,0,0,0,0,0,0,0,0,0,0,0,0,638,0,150,62,0,0
1995-04-28,118,1995,Chesterman Beach,0,0,0,0,0,0,0,3,0,0,0,0,0,0,0,0,0,0,0,0,0,0,0,14,0,0,0,0,0,0,33,0,0,0
1995-04-28,118,1995,Doug Banks' Flats,0,0,0,10,0,0,0,438,0,0,0,0,29,0,0,0,0,0,0,0,0,0,0,0,0,0,0,0,2590,0,4933,1,0,0
1995-04-29,119,1995,Arakan Flats,0,0,0,10,0,0,0,439,0,0,0,0,151,0,0,0,0,0,0,0,0,0,0,0,0,0,0,0,1800,0,1590,0,0,0
1995-04-29,119,1995,Doug Banks' Flats,0,0,0,0,0,0,0,336,0,0,0,0,666,0,0,0,0,0,0,0,0,0,0,0,0,0,0,0,2000,0,4998,0,0,0
1995-04-29,119,1995,Ducking Flats,0,0,0,0,0,0,0,400,0,0,0,0,0,0,0,0,0,0,0,0,0,0,0,0,0,0,0,0,500,0,600,3,0,0
1995-04-29,119,1995,Grice Bay - Boat Launch,0,0,0,0,0,0,0,156,0,0,0,0,62,0,0,0,0,0,0,0,0,0,0,0,0,0,0,0,549,0,656,77,0,0
1995-04-29,119,1995,"Grice Bay - Road, Islet",0,0,0,0,0,0,0,16,0,0,0,0,6,0,0,0,0,0,0,0,0,0,0,0,0,0,0,0,270,0,65,38,0,0
1995-04-30,120,1995,Arakan Flats,0,0,0,13,0,0,0,60,0,0,0,0,0,0,0,0,0,0,0,0,0,0,0,0,0,0,0,0,615,0,190,0,0,13
1995-04-30,120,1995,Doug Banks' Flats,0,0,0,0,0,0,0,1850,0,0,0,0,0,0,0,0,0,0,0,0,0,0,0,0,0,0,0,0,800,0,2150,5,0,6
1995-04-30,120,1995,Ducking Flats,0,0,0,8,0,0,0,680,0,0,0,0,0,0,0,0,0,0,0,0,0,0,0,0,0,0,0,0,392,0,830,0,0,0
1995-04-30,120,1995,Grice Bay - Boat Launch,0,0,0,0,0,0,0,26,0,0,0,0,0,0,0,0,0,0,0,0,0,0,0,0,0,0,0,0,2884,0,139,251,0,0
1995-04-30,120,1995,"Grice Bay - Road, Islet",0,0,0,0,0,0,0,15,0,0,0,0,0,0,0,0,0,0,0,0,0,0,0,0,0,0,0,0,39,0,0,20,0,0
1995-05-01,121,1995,Arakan Flats,0,0,0,15,0,0,0,116,0,0,0,0,0,0,0,0,0,0,0,0,0,0,0,0,0,0,0,0,700,0,469,0,0,0
1995-05-01,121,1995,Chesterman Beach,0,0,0,0,0,0,0,40,0,0,0,0,0,0,0,0,0,0,0,0,0,4,0,40,0,0,0,0,0,0,350,0,0,0
1995-05-01,121,1995,Doug Banks' Flats,0,0,0,0,0,0,0,125,0,0,0,0,0,0,0,0,0,0,0,0,0,0,0,0,0,0,0,0,250,0,2975,7,0,0
1995-05-01,121,1995,Ducking Flats,0,0,0,0,0,0,0,0,0,0,0,0,0,0,0,0,0,0,0,0,0,0,0,0,0,0,0,0,35,0,0,2,0,0
1995-05-01,121,1995,Grice Bay,0,0,0,0,0,0,0,37,0,0,0,0,0,0,0,0,0,0,0,0,0,0,0,0,0,0,0,0,2090,0,183,180,0,0
1995-05-01,121,1995,South Bay/Maltby Slough,0,0,0,0,0,0,0,155,0,0,0,0,0,0,0,0,0,0,0,0,0,0,0,0,0,0,0,0,50,0,2850,0,0,0
1995-05-02,122,1995,Arakan Flats,0,0,0,5,0,0,0,240,0,0,0,0,0,0,0,0,0,0,0,0,0,0,0,0,0,0,0,0,0,0,1620,0,0,6
1995-05-02,122,1995,Chesterman Beach,0,0,0,0,0,0,0,81,0,0,0,0,0,0,0,0,0,0,0,0,0,16,0,81,0,0,0,0,0,0,335,1,0,0
1995-05-02,122,1995,Doug Banks' Flats,0,0,0,0,0,0,0,780,0,0,0,0,0,0,0,0,0,0,0,0,0,0,0,0,0,0,0,0,900,0,3500,20,0,0
1995-05-02,122,1995,Ducking Flats,0,0,0,0,0,0,0,360,0,0,0,0,0,0,0,0,0,0,0,0,0,0,0,0,0,0,0,0,350,0,2090,0,0,0
1995-05-02,122,1995,Grice Bay,0,0,0,0,0,0,0,670,0,0,0,0,0,0,0,0,0,0,0,0,0,0,0,0,0,0,0,0,2570,0,2680,46,0,0
1995-05-02,122,1995,South Bay/Maltby Slough,0,0,0,0,0,0,0,410,0,0,0,0,0,0,0,0,0,0,0,0,0,0,0,0,0,0,0,0,0,0,3690,0,0,0
1995-05-03,123,1995,Arakan Flats,0,0,0,16,0,0,0,300,0,0,0,0,0,0,0,0,0,0,0,0,0,0,0,0,0,0,0,0,1725,0,3825,0,0,0
1995-05-03,123,1995,Chesterman Beach,0,0,0,0,0,0,0,24,0,0,0,0,0,0,0,0,0,0,0,0,0,0,0,38,0,0,0,0,0,0,370,0,0,0
1995-05-03,123,1995,Doug Banks' Flats,0,0,0,0,0,0,0,230,0,0,0,0,0,0,0,0,0,0,0,0,0,0,0,0,0,0,0,0,1600,0,4485,0,0,0
1995-05-03,123,1995,Ducking Flats,0,0,0,0,0,0,0,7,0,0,0,0,0,0,0,0,0,0,0,0,0,0,0,0,0,0,0,0,145,0,38,7,0,0
1995-05-03,123,1995,Grice Bay,0,0,0,0,0,0,0,200,0,0,0,0,0,0,0,0,0,0,0,0,0,0,0,0,0,0,0,0,2500,0,2000,100,0,0
1995-05-03,123,1995,South Bay/Maltby Slough,0,0,0,0,0,0,0,310,0,0,0,0,0,0,0,0,0,0,0,0,0,0,0,0,0,0,0,0,0,0,1240,0,0,0
1995-05-04,124,1995,Arakan Flats,0,0,0,24,0,0,0,10,0,0,0,0,0,0,0,0,0,0,0,0,0,0,0,0,0,0,0,0,206,0,2330,0,0,0
1995-05-04,124,1995,Chesterman Beach,0,0,0,0,0,0,0,21,0,0,0,0,0,0,0,0,0,0,0,0,0,4,0,60,0,0,0,0,0,0,115,0,0,0
1995-05-04,124,1995,Doug Banks' Flats,0,0,0,0,0,0,0,347,0,0,0,0,347,0,0,0,0,0,0,0,2,0,0,0,0,0,0,0,750,0,3706,20,0,0
1995-05-04,124,1995,Ducking Flats,0,0,0,0,0,0,0,87,0,0,0,0,0,0,0,0,0,0,0,0,0,0,0,0,0,0,0,0,0,0,58,19,0,0
1995-05-04,124,1995,Grice Bay,0,0,0,0,0,0,0,10,0,0,0,0,0,0,0,0,0,0,0,0,0,0,0,0,0,0,0,0,1070,0,40,12,0,0
1995-05-04,124,1995,South Bay/Maltby Slough,0,0,0,0,0,0,0,410,0,0,0,0,0,0,0,0,0,0,0,0,0,0,0,0,0,0,0,0,0,0,1640,0,0,0
1995-05-05,125,1995,Arakan Flats,0,0,0,0,0,0,0,85,0,0,0,0,21,0,0,0,0,0,0,0,0,0,0,0,0,0,0,0,0,0,1615,0,0,0
1995-05-05,125,1995,Chesterman Beach,0,0,0,0,0,0,0,7,0,0,0,0,0,0,0,0,0,0,0,0,0,0,0,64,0,0,0,0,0,0,46,1,0,0
1995-05-05,125,1995,Ducking Flats,0,0,0,0,0,0,0,0,0,0,0,0,27,0,0,0,0,0,0,0,0,0,0,0,0,0,0,0,50,0,42,47,0,0
1995-05-05,125,1995,Grice Bay,0,0,0,0,0,0,0,0,0,0,0,0,0,0,0,0,0,0,0,0,0,0,0,0,0,0,0,0,250,0,50,17,0,0
1995-05-05,125,1995,South Bay/Maltby Slough,0,0,0,0,0,0,0,330,0,0,0,0,330,0,0,0,0,0,0,0,0,0,0,0,0,0,0,0,0,0,5940,0,0,0
1995-05-06,126,1995,Arakan Flats,0,0,0,0,0,0,0,0,0,0,0,0,9,0,0,0,0,0,0,0,0,0,0,0,0,0,0,0,0,0,5,0,0,0
1995-05-06,126,1995,Doug Banks' Flats,0,0,0,0,0,0,0,278,0,0,0,0,34,0,0,0,0,0,0,0,0,0,0,0,0,0,0,0,31,0,660,0,0,0
1995-05-06,126,1995,Ducking Flats,0,0,0,0,0,0,0,28,0,0,0,0,0,0,0,0,0,0,0,0,0,0,0,0,0,0,0,0,0,0,522,18,0,0
1995-05-06,126,1995,Grice Bay,0,0,0,4,0,0,0,0,0,0,0,0,0,0,0,0,0,0,0,0,0,0,0,0,0,0,0,0,395,0,8,58,0,0
1995-05-06,126,1995,South Bay/Maltby Slough,0,0,0,0,0,0,0,77,0,0,0,0,28,0,0,0,0,0,0,0,0,0,0,0,0,0,0,0,0,0,1822,0,0,0
1995-05-07,127,1995,Arakan Flats,0,0,0,0,0,0,0,0,0,0,0,0,0,0,0,0,0,0,0,0,0,0,0,0,0,0,0,0,0,0,106,0,0,0
1995-05-07,127,1995,Doug Banks' Flats,0,0,0,0,0,0,0,250,0,0,0,0,0,0,1,0,0,0,0,0,0,0,0,0,0,0,0,0,40,0,750,48,0,0
1995-05-07,127,1995,Ducking Flats,0,0,0,0,0,0,0,0,0,0,0,0,0,0,0,0,0,0,0,0,0,0,0,0,0,0,0,0,0,0,0,33,0,0
1995-05-07,127,1995,South Bay/Maltby Slough,0,0,0,0,0,0,0,125,0,0,0,0,0,0,0,0,0,0,0,0,0,0,0,0,0,0,0,0,0,0,2375,0,0,0
1995-05-08,128,1995,Chesterman Beach,0,0,0,0,0,0,0,0,0,0,0,0,0,0,0,0,0,0,0,0,0,4,0,16,0,0,0,0,0,0,0,0,0,0
1995-05-08,128,1995,Doug Banks' Flats,0,0,0,0,0,0,0,23,0,0,0,0,0,0,0,0,0,0,0,0,0,1,0,1,0,0,0,0,0,0,362,12,0,0
1995-05-08,128,1995,Grice Bay - Boat Launch,0,0,0,0,0,0,0,16,0,0,0,0,0,0,0,0,0,0,0,0,0,0,0,0,0,0,0,0,170,0,129,8,0,0
1995-05-08,128,1995,"Grice Bay - Road, Islet",0,0,0,0,0,0,0,0,0,0,0,0,0,0,0,0,0,0,0,0,0,0,0,0,0,0,0,0,164,0,12,12,0,0
2011-04-20,110,2011,Tofino Airport,0,0,0,2,0,0,0,1,0,1,1,0,12,0,0,0,0,0,0,0,0,0,0,0,0,0,0,0,0,0,40,0,2,0
2011-04-22,112,2011,Chesterman Beach,0,0,0,0,0,2,13,0,0,0,0,0,0,0,0,0,0,0,0,0,0,0,0,0,0,0,0,19,0,0,0,0,0,0
2011-04-22,112,2011,Indian Island Roost,0,0,0,0,0,0,4,0,0,0,0,0,0,0,0,0,0,0,0,0,0,0,0,0,0,0,0,0,0,0,0,0,0,0
2011-04-22,112,2011,Sharp Road Lookout,0,0,0,17,0,2,0,50,0,0,0,0,15,0,2,0,0,0,0,0,0,0,3,0,0,0,0,0,0,0,16,0,0,0
2011-04-22,112,2011,South Bay/Maltby Slough,0,0,0,0,0,0,0,0,1,0,0,0,0,0,0,0,15,0,0,0,0,0,0,0,0,0,0,0,0,0,0,0,0,0
2011-04-22,112,2011,Tofino Rocks,0,0,0,0,0,0,0,8,0,0,0,0,0,0,0,0,0,0,0,0,0,0,0,0,0,0,0,0,0,0,6,0,0,0
2011-04-23,113,2011,Arakan Flats,0,0,0,20,0,0,0,0,10,0,0,0,0,0,0,0,0,0,0,0,0,0,30,0,0,0,0,0,0,0,11,0,0,0
2011-04-23,113,2011,Ducking Flats,0,0,0,0,0,0,0,0,0,0,0,0,0,0,0,0,0,0,0,0,0,0,0,0,0,0,0,0,0,0,0,0,0,0
2011-04-23,113,2011,Sharp Road Lookout,0,0,0,24,0,0,0,186,1,0,0,2,5,0,0,0,0,0,0,0,0,0,62,0,0,0,0,0,0,0,242,0,0,0
2011-04-23,113,2011,Tofino Airport,0,0,0,0,0,0,0,0,0,1,0,0,0,0,0,0,0,0,0,0,0,0,0,0,0,0,0,0,0,0,0,0,0,0
2011-04-24,114,2011,Arakan Flats,0,0,0,0,0,0,0,0,3,0,0,0,0,0,0,0,0,0,0,0,0,0,0,0,0,0,0,0,0,0,0,0,0,0
2011-04-24,114,2011,Ducking Flats,0,0,0,0,0,0,0,0,0,0,0,0,0,0,0,0,0,0,0,0,0,0,0,0,0,0,0,0,0,0,0,0,0,0
2011-04-24,114,2011,South Bay/Maltby Slough,0,0,0,0,0,0,0,1,0,0,0,0,0,0,0,0,65,0,0,0,0,0,0,0,0,0,0,0,0,0,3,0,0,0
2011-04-25,115,2011,Arakan Flats,0,0,0,0,0,0,0,0,8,0,0,0,0,0,0,0,140,0,0,0,0,0,0,0,0,0,0,0,0,0,0,0,0,0
2011-04-25,115,2011,Doug Banks' Flats,0,0,0,2,0,0,0,350,0,0,0,0,50,0,6,0,0,0,0,0,0,0,16,1,0,0,0,0,0,0,625,1,0,0
2011-04-25,115,2011,Ducking Flats,0,0,0,0,0,0,0,0,0,0,0,0,0,0,0,0,0,0,0,0,0,0,0,0,0,0,0,0,0,0,0,0,0,0
2011-04-25,115,2011,South Bay/Maltby Slough,0,0,0,2,0,0,0,2,0,0,0,0,0,0,0,0,550,0,0,0,0,0,0,0,0,0,0,0,17,0,0,0,0,0
2011-04-25,115,2011,Tofino Rocks,0,0,0,0,0,2,5,0,0,0,0,0,0,0,0,0,0,0,0,0,0,0,0,0,0,0,0,0,0,0,0,0,0,0
2011-04-26,116,2011,Arakan Flats,0,0,0,0,0,0,0,0,9,0,0,0,0,0,0,0,0,0,0,0,0,0,0,0,0,0,0,0,0,0,0,0,0,0
2011-04-26,116,2011,Doug Banks' Flats,1,0,0,1,0,0,0,200,0,0,0,1,0,0,0,0,0,0,0,0,0,0,11,0,0,0,0,0,0,0,250,18,0,0
2011-04-26,116,2011,Ducking Flats,0,0,0,0,0,0,0,25,0,0,0,0,0,0,0,0,0,0,0,0,0,0,0,0,0,0,0,0,0,0,300,0,0,0
2011-04-26,116,2011,South Bay/Maltby Slough,0,0,0,0,0,0,0,0,0,0,0,0,0,0,0,0,74,0,0,0,0,0,0,0,0,0,0,0,0,0,14,0,0,0
2011-04-26,116,2011,Tofino Airport,0,0,0,0,0,0,0,2,0,0,0,0,2,0,0,0,0,0,0,0,0,0,0,1,0,0,0,0,0,0,13,0,1,0
2011-04-27,117,2011,Chesterman Beach,0,0,2,0,0,0,0,0,0,0,0,0,0,0,0,0,0,0,0,0,0,0,0,0,0,0,0,0,0,0,12,0,0,0
2011-04-27,117,2011,Tofino Airport,0,0,0,0,0,0,0,0,0,0,0,0,0,0,0,0,0,0,0,0,0,0,2,1,0,0,0,0,0,0,27,0,1,0
2011-04-28,118,2011,Arakan Flats,0,0,0,75,0,0,0,61,0,0,0,0,0,4,0,0,0,0,0,0,0,0,162,0,0,0,0,0,0,0,240,0,0,0
2011-04-28,118,2011,Ducking Flats,0,0,0,28,0,0,0,30,0,0,0,0,0,0,0,0,0,0,0,0,0,0,155,0,0,0,0,0,0,0,430,0,0,0
2011-04-28,118,2011,Grice Bay - Boat Launch,0,0,0,0,0,0,0,0,2,0,0,0,0,0,0,0,200,0,0,0,0,0,0,0,0,0,0,0,120,0,30,79,0,0
2011-04-28,118,2011,Sharp Road Lookout,0,0,0,3,0,0,0,120,0,0,0,0,10,0,0,0,0,0,0,0,0,0,0,0,0,0,0,0,35,0,1770,0,0,0
2011-04-28,118,2011,South Bay/Maltby Slough,0,0,0,4,0,0,0,117,0,0,0,0,30,0,0,0,115,0,0,0,0,0,101,1,0,0,0,0,0,0,770,0,0,0
2011-04-28,118,2011,Stubbs Island,0,0,0,13,0,3,0,0,0,0,0,0,0,0,1,0,0,0,0,0,0,0,3,0,0,0,0,0,0,0,47,0,0,0
2011-04-28,118,2011,Tofino Rocks,0,0,0,0,0,0,0,0,0,0,0,0,0,0,0,0,0,0,0,0,0,2,0,0,0,0,0,0,0,0,8,0,0,0
2011-04-29,119,2011,Chesterman Beach,0,0,0,0,0,0,0,0,0,0,0,0,0,0,0,0,0,0,0,0,0,0,0,10,0,0,0,0,0,0,16,0,0,0
2011-04-29,119,2011,Doug Banks' Flats,0,0,0,0,0,0,0,150,0,0,0,0,100,0,0,0,200,0,0,0,0,0,202,0,0,0,0,0,0,0,1500,11,0,0
2011-04-29,119,2011,Grice Bay - Boat Launch,0,0,0,7,0,0,0,23,16,0,0,0,51,0,0,0,0,0,0,0,0,0,220,0,0,0,0,0,0,0,34,192,0,0
2011-04-29,119,2011,Sharp Road Lookout,0,0,0,0,0,0,0,200,0,0,0,0,0,0,0,0,0,0,0,0,0,0,60,0,0,0,0,0,0,0,2300,0,0,0
2011-04-29,119,2011,Tofino Airport,0,0,0,0,0,0,0,0,0,1,0,0,28,0,0,0,0,0,0,0,0,0,2,0,0,0,0,0,0,0,0,0,0,0
2011-04-30,120,2011,Arakan Flats,0,0,0,6,0,0,0,0,1,0,0,0,0,0,0,0,0,0,0,0,0,0,0,0,0,0,0,0,7,0,1304,0,0,0
2011-04-30,120,2011,Chesterman Beach,0,0,0,4,0,0,0,16,0,0,0,0,0,0,0,0,1,0,0,0,0,0,16,1,0,0,0,0,0,0,9,0,0,0
2011-04-30,120,2011,Doug Banks' Flats,0,0,0,5,0,0,0,115,1,0,0,0,0,0,0,0,0,0,0,0,0,0,0,2,0,0,0,0,70,0,825,0,0,0
2011-04-30,120,2011,Ducking Flats,0,0,0,0,0,0,0,35,0,0,0,0,25,0,0,0,0,0,0,0,0,0,0,0,0,0,0,0,0,0,766,0,0,0
2011-04-30,120,2011,Sharp Road Lookout,1,0,0,2,0,0,0,74,0,0,0,0,0,0,0,1,0,0,0,0,0,0,0,0,0,0,0,0,0,0,170,0,0,0
2011-04-30,120,2011,South Bay/Maltby Slough,0,0,0,14,0,0,0,17,0,0,0,0,0,0,0,0,80,0,0,0,0,0,10,0,0,0,0,0,0,0,621,0,0,0
2011-04-30,120,2011,Tofino Airport,0,0,0,0,0,0,0,0,0,0,0,0,0,0,0,0,40,0,0,0,0,0,0,0,0,0,0,0,0,0,0,0,0,0
2011-05-01,121,2011,Arakan Flats,0,0,0,0,0,0,0,12,0,0,0,0,0,2,0,0,15,0,0,0,0,0,15,0,0,0,0,0,15,0,69,0,0,0
2011-05-01,121,2011,Chesterman Beach,0,0,0,0,0,0,0,0,0,0,0,0,0,0,0,0,0,0,0,0,0,0,0,0,0,0,0,0,0,0,3,0,0,0
2011-05-01,121,2011,Doug Banks' Flats,0,0,0,7,0,0,0,27,0,0,0,0,100,0,0,0,0,0,0,0,0,0,104,5,0,0,0,0,0,0,1020,7,0,0
2011-05-01,121,2011,Ducking Flats,0,0,0,0,0,0,0,0,0,0,0,0,0,0,0,0,0,0,0,0,0,0,0,0,0,0,0,0,0,0,0,0,0,0
2011-05-01,121,2011,South Bay/Maltby Slough,0,0,0,5,0,0,0,10,0,0,0,0,0,0,0,0,0,0,0,0,0,0,80,1,0,0,0,0,0,0,450,0,0,0
2011-05-02,122,2011,Chesterman Beach,0,0,0,0,0,0,0,0,0,0,0,0,0,0,0,0,12,0,0,0,0,0,0,0,0,0,0,0,0,0,0,0,0,0
2011-05-02,122,2011,Doug Banks' Flats,0,0,0,16,0,0,0,93,10,0,0,0,600,4,0,0,950,0,1,0,0,0,591,10,0,0,0,0,0,0,3475,54,0,0
2011-05-03,123,2011,Arakan Flats,0,0,0,5,0,0,0,1014,0,0,0,0,0,0,0,0,0,0,0,0,0,0,35,0,0,0,0,0,71,0,2299,0,0,0
2011-05-03,123,2011,Chesterman Beach,0,0,0,3,0,2,0,141,0,0,0,0,63,0,0,0,48,0,0,0,0,1,50,89,0,0,0,0,0,0,798,0,0,0
2011-05-03,123,2011,Doug Banks' Flats,0,0,0,0,0,0,0,600,0,0,0,9,800,0,1,0,0,0,0,0,0,0,400,10,0,0,0,0,0,0,7000,28,0,0
2011-05-03,123,2011,Ducking Flats,0,0,0,33,0,0,0,168,1,0,0,0,0,0,0,0,0,0,0,0,1,0,4,19,0,0,0,0,4,0,2026,0,0,0
2011-05-03,123,2011,South Bay/Maltby Slough,0,0,0,10,0,0,0,1215,5,0,0,0,300,0,0,0,0,0,0,0,0,0,962,9,0,0,0,0,0,0,13060,0,0,0
2011-05-04,124,2011,Doug Banks' Flats,0,0,0,0,0,0,0,130,0,0,0,0,10,0,1,0,0,0,0,0,0,10,307,0,0,0,0,0,0,0,13630,10,0,0
2011-05-04,124,2011,Grice Bay,0,0,0,0,0,0,0,40,1,0,0,0,15,0,0,0,0,0,0,0,0,0,270,1,0,0,0,0,0,0,1326,401,0,0
2011-05-04,124,2011,Grice Bay - Boat Launch,0,0,0,0,46,0,0,62,0,0,0,0,0,0,0,0,0,0,0,0,0,0,50,2,0,0,0,0,0,0,2126,916,0,0
2011-05-04,124,2011,Tofino Airport,0,0,0,0,0,0,0,0,0,5,0,0,0,0,0,0,0,0,0,0,0,0,0,0,0,0,0,0,0,0,29,0,8,0
2011-05-05,125,2011,Arakan Flats,0,0,0,0,0,0,0,2,0,0,0,0,17,0,0,0,25,0,0,0,0,0,44,0,0,0,0,0,2,0,191,0,0,0
2011-05-05,125,2011,Ducking Flats,0,0,0,0,0,0,0,1,0,0,0,0,6,0,0,0,25,0,0,0,0,0,0,0,0,0,0,0,0,0,251,0,0,0
2011-05-05,125,2011,South Bay/Maltby Slough,0,0,0,0,0,0,0,1000,0,0,0,0,0,0,0,0,0,0,0,0,0,0,75,5,0,0,0,0,0,0,5900,0,0,0
2011-05-06,126,2011,Arakan Flats,0,0,0,0,0,0,0,0,0,0,0,0,0,0,0,0,0,0,0,0,0,0,0,0,0,0,0,0,65,0,2095,0,0,0
2011-05-06,126,2011,Doug Banks' Flats,0,0,0,0,0,0,0,25,13,0,0,0,0,0,0,0,0,0,0,0,0,0,15,15,0,0,0,0,0,0,7505,0,0,0
2011-05-06,126,2011,Grice Bay,0,0,0,8,0,0,0,1901,1,0,0,0,455,0,1,0,0,0,0,0,0,0,470,13,0,0,0,0,0,0,7815,299,0,0
2011-05-06,126,2011,Grice Bay - Boat Launch,0,0,0,3,41,0,0,931,0,0,0,0,1,0,0,0,0,0,0,0,0,0,23,16,2,0,0,0,0,0,9332,274,0,0
2011-05-06,126,2011,South Bay/Maltby Slough,0,0,0,35,0,0,0,140,6,0,0,0,0,3,0,0,0,0,0,0,0,0,428,0,0,0,0,0,0,0,24780,0,0,0
2011-05-07,127,2011,Chesterman Beach,0,0,0,0,0,1,2,1,0,0,0,0,0,0,0,0,0,0,0,0,0,0,0,45,0,0,0,0,0,0,1,0,0,0
2011-05-07,127,2011,Doug Banks' Flats,0,0,0,2,0,0,0,150,12,0,0,1,300,0,6,1,0,0,5,0,0,0,450,7,0,0,0,0,0,0,1200,128,0,0
2011-05-07,127,2011,Grice Bay - Boat Launch,0,0,0,0,0,0,0,10,0,0,0,0,0,0,1,0,0,0,0,1,0,0,0,0,0,0,0,0,304,0,240,250,0,0
2011-05-08,128,2011,Arakan Flats,0,0,0,5,0,0,0,0,1,0,0,0,0,2,0,0,500,0,0,0,0,0,0,0,0,0,0,0,0,0,25,0,0,0
2011-05-08,128,2011,Chesterman Beach,0,0,0,0,0,0,0,1,0,0,0,0,0,0,0,0,0,0,0,0,0,1,0,11,0,0,0,0,0,0,32,0,0,0
2011-05-08,128,2011,Doug Banks' Flats,0,0,0,80,0,0,0,650,0,0,0,0,600,2,0,0,0,0,0,0,0,0,420,1,0,0,0,0,0,0,2400,89,0,0
2011-05-08,128,2011,Ducking Flats,0,0,0,0,0,0,0,0,0,0,0,0,0,0,0,0,50,0,0,0,0,0,0,7,0,0,0,0,0,0,143,0,0,0
2011-05-08,128,2011,Grice Bay,0,0,0,4,0,0,0,0,0,0,0,0,0,0,0,0,0,0,0,0,0,0,0,0,0,0,0,0,305,0,30,320,0,0
2011-05-08,128,2011,Morpheus Island,0,0,0,0,0,0,0,50,0,0,0,0,0,0,0,0,0,0,0,0,0,0,0,5,0,6,0,0,0,0,700,0,0,0
2011-05-08,128,2011,South Bay/Maltby Slough,0,0,0,0,0,0,0,0,0,0,0,0,0,0,0,0,2500,0,0,0,0,0,50,0,0,0,0,0,0,0,900,0,0,0
2011-05-09,129,2011,Arakan Flats,0,0,0,5,0,0,0,0,1,0,0,0,0,0,0,0,110,0,0,0,0,0,0,1,0,0,0,0,46,0,0,0,0,0
2011-05-09,129,2011,Ducking Flats,0,0,0,0,0,0,0,258,4,0,0,0,0,0,0,0,100,0,0,0,0,0,0,0,0,0,0,0,0,0,1600,0,0,0
2011-05-09,129,2011,South Bay/Maltby Slough,0,0,0,2,0,0,0,85,6,0,0,0,0,0,0,1,100,0,0,0,0,0,0,2,0,0,0,0,70,0,1220,0,0,0
2011-05-11,131,2011,Arakan Flats,0,0,0,4,0,0,0,251,0,0,0,0,0,0,0,0,0,0,0,0,0,0,42,56,0,0,0,0,0,0,1540,0,0,0
2011-05-11,131,2011,Chesterman Beach,0,0,0,0,0,0,0,3,0,0,0,0,0,0,0,0,0,0,0,0,0,0,0,15,0,0,0,0,0,0,117,0,0,0
2011-05-11,131,2011,Doug Banks' Flats,1,0,0,1,0,0,0,250,19,0,0,5,80,0,0,0,0,0,0,0,0,0,92,2,0,0,0,0,0,0,300,48,0,0
2011-05-11,131,2011,Ducking Flats,0,0,0,2,0,0,0,159,0,0,0,0,0,0,0,0,0,0,0,0,0,0,0,1,0,0,0,0,0,0,393,0,0,0
2011-05-11,131,2011,Morpheus Island,0,0,0,0,0,0,0,0,0,0,0,0,0,0,0,0,550,0,0,0,0,0,0,0,0,0,0,0,0,0,0,0,0,0
2011-05-11,131,2011,South Bay/Maltby Slough,0,0,0,77,0,0,0,720,1,0,0,4,0,0,0,1,0,0,6,0,0,0,240,2,0,0,0,0,109,0,2270,0,0,0
2011-05-12,132,2011,Chesterman Beach,0,0,0,0,0,0,0,5,0,0,0,0,0,0,0,0,0,0,0,0,0,0,0,18,0,0,0,0,0,0,105,0,0,0
2011-05-12,132,2011,Doug Banks' Flats,1,0,0,0,0,0,0,0,0,0,0,0,0,0,0,0,300,0,0,0,0,0,4,0,0,0,0,0,40,0,40,158,0,0
2011-05-12,132,2011,Grice Bay - Boat Launch,0,0,0,0,0,0,0,0,0,0,0,0,0,0,0,0,0,0,0,0,0,0,0,0,0,0,0,0,38,0,0,322,0,0
2011-05-12,132,2011,Sharp Road Lookout,1,0,0,7,0,0,0,260,0,0,0,0,0,0,0,0,0,0,0,0,0,0,60,0,0,0,0,0,0,0,210,6,0,0
2011-05-13,133,2011,Arakan Flats,0,0,0,0,0,0,0,60,0,0,0,0,10,0,0,0,200,0,0,0,0,0,0,0,0,0,0,0,0,0,150,0,0,0
2011-05-13,133,2011,Chesterman Beach,0,0,0,0,0,0,0,0,0,0,0,0,0,0,0,0,0,0,0,0,0,0,0,24,0,0,0,0,0,0,47,0,0,0
2011-05-13,133,2011,Doug Banks' Flats,0,0,0,3,0,0,0,5,2,0,0,0,10,0,0,0,0,0,1,0,0,0,0,1,0,0,0,0,22,0,275,173,0,0
2011-05-13,133,2011,Ducking Flats,0,0,0,0,0,0,0,0,0,0,0,0,0,0,0,0,0,0,0,0,0,0,0,0,0,0,0,0,45,0,0,10,0,0
2011-05-13,133,2011,Sharp Road Lookout,0,0,0,9,0,0,0,0,2,0,0,2,0,0,0,0,40,0,0,0,0,0,9,0,0,0,0,0,0,0,0,8,0,0
2011-05-13,133,2011,South Bay/Maltby Slough,0,0,0,12,0,6,0,0,2,0,0,0,0,0,0,0,30,0,0,0,0,0,0,2,0,0,0,0,5,0,0,0,0,0
2011-05-14,134,2011,Arakan Flats,0,0,0,0,0,0,0,150,0,0,0,0,0,0,0,0,150,0,0,0,0,0,0,0,0,0,0,0,0,0,10,0,0,0
2011-05-14,134,2011,Chesterman Beach,0,0,0,0,0,2,0,1,0,0,0,0,0,0,0,0,0,0,0,0,0,3,0,33,0,0,0,0,0,1,86,0,0,0
2011-05-14,134,2011,Doug Banks' Flats,0,0,0,0,0,0,0,9,1,0,0,0,0,0,0,0,0,0,0,0,0,0,3,6,0,0,0,0,0,0,220,107,0,0
2011-05-14,134,2011,Ducking Flats,0,0,0,0,0,0,0,2,0,0,0,0,0,0,0,0,0,0,0,0,0,0,0,0,0,0,0,0,59,0,20,17,0,0
2011-05-14,134,2011,South Bay/Maltby Slough,0,0,0,17,0,6,0,8,4,0,0,0,0,0,0,0,200,0,0,0,0,0,0,2,0,0,0,0,6,0,4,13,0,0
2011-05-15,135,2011,Chesterman Beach,0,0,2,5,0,0,0,20,0,0,0,0,1,0,0,0,0,0,0,0,0,1,0,31,0,0,0,0,0,1,50,0,0,0
2011-05-15,135,2011,Doug Banks' Flats,0,0,0,12,0,0,0,35,5,0,0,0,10,0,0,0,0,0,0,0,0,0,2,2,0,0,0,0,0,0,200,172,0,0
2011-05-15,135,2011,Grice Bay - Boat Launch,0,0,0,0,0,0,0,0,0,0,0,0,0,0,0,0,0,0,0,0,0,0,0,0,0,0,0,0,5,0,0,65,0,0
2011-05-16,136,2011,Arakan Flats,0,0,0,10,0,0,0,16,0,0,0,0,0,0,0,0,17,0,0,0,1,0,0,0,0,0,0,0,0,0,25,0,0,0
2011-05-16,136,2011,Chesterman Beach,0,0,0,0,0,0,0,6,0,0,0,0,0,0,0,0,0,0,0,0,0,4,0,36,0,0,0,0,0,0,44,0,0,0
2011-05-16,136,2011,Doug Banks' Flats,0,0,0,4,0,0,0,72,0,0,0,0,0,0,0,0,120,0,0,0,0,0,49,0,0,0,0,0,0,0,0,188,0,0
2011-05-16,136,2011,Ducking Flats,0,0,0,2,0,0,0,79,0,0,0,0,0,0,4,0,0,0,0,0,0,0,35,6,0,0,0,0,0,0,116,6,0,0
2011-05-16,136,2011,South Bay/Maltby Slough,0,0,0,19,0,0,0,18,1,0,0,0,0,0,0,0,50,0,1,0,0,0,0,19,0,0,0,0,21,0,132,20,0,0
2011-08-16,228,2011,Arakan Flats,0,0,0,0,0,0,0,0,0,0,0,0,5,0,0,0,0,0,0,0,0,0,0,0,0,0,0,0,0,0,3855,0,0,0
2011-08-16,228,2011,Chesterman Beach,0,0,0,0,0,0,0,0,0,0,0,0,6,0,0,0,0,0,0,0,0,0,0,4,0,0,0,0,0,0,1300,0,0,0
2011-08-16,228,2011,Doug Banks' Flats,0,0,0,0,0,0,0,0,0,0,0,0,47,0,0,0,0,0,0,0,0,0,8,0,0,0,0,0,0,0,1400,0,0,0
2011-08-16,228,2011,Ducking Flats,0,0,0,0,0,0,0,0,0,0,0,0,0,0,0,0,0,0,0,0,0,0,0,0,0,0,0,0,0,0,0,0,0,0
2011-08-16,228,2011,Sharp Road Lookout,0,0,0,0,0,0,0,0,0,0,0,0,0,0,0,0,0,0,0,0,0,0,0,0,0,0,0,0,0,0,4,0,0,0
2011-08-16,228,2011,South Bay/Maltby Slough,0,0,0,0,0,0,0,0,0,0,0,0,0,0,0,0,0,0,0,0,0,0,0,0,0,0,0,0,0,0,40,0,0,0
2011-08-18,230,2011,Grice Bay - Boat Launch,0,0,0,0,0,0,0,0,0,0,0,0,0,0,0,0,0,0,0,0,0,0,0,0,0,0,0,0,0,0,0,0,0,0
2011-08-19,231,2011,Arakan Flats,0,0,0,0,0,0,0,0,0,0,0,0,36,0,0,0,0,0,0,0,0,0,0,0,0,0,0,0,0,0,735,0,0,0
2011-08-19,231,2011,Chesterman Beach,0,0,0,0,0,1,0,0,0,0,0,0,3,0,0,0,0,0,0,0,0,4,0,6,0,0,0,0,0,0,10,0,0,0
2011-08-19,231,2011,Doug Banks' Flats,0,0,0,0,0,0,0,0,1,0,0,0,21,0,0,0,0,0,0,0,0,0,0,0,0,0,0,0,0,0,650,0,0,0
2011-08-19,231,2011,Ducking Flats,0,0,0,0,0,0,0,0,0,0,0,0,0,0,0,0,0,0,0,0,0,0,0,0,0,0,0,0,0,0,10,0,0,0
2011-08-19,231,2011,Sharp Road Lookout,0,0,0,0,0,0,0,0,0,0,0,0,6,0,0,0,15,0,0,0,0,0,0,0,0,0,0,0,0,0,380,0,0,0
2011-08-19,231,2011,South Bay/Maltby Slough,0,0,0,0,0,0,0,0,0,0,0,0,27,0,0,0,5,0,0,0,0,0,7,0,0,0,0,0,0,0,38,0,0,0
2011-08-20,232,2011,Grice Bay - Boat Launch,0,0,0,0,0,0,0,0,0,0,0,0,0,0,0,0,0,0,0,0,0,0,0,0,0,0,0,0,0,0,0,0,0,0
2011-08-23,235,2011,Arakan Flats,0,0,0,0,0,0,0,0,0,0,0,0,1,0,0,0,10,0,0,0,0,0,0,0,0,0,0,0,0,0,565,0,0,0
2011-08-23,235,2011,Chesterman Beach,0,0,0,0,0,2,0,0,0,0,0,0,1,0,0,0,0,0,0,0,0,3,0,29,0,0,0,0,0,0,690,1,0,0
2011-08-23,235,2011,Doug Banks' Flats,0,0,0,1,0,0,0,0,0,0,0,0,4,0,0,0,0,0,0,0,0,0,1,6,0,0,0,0,0,0,42,0,0,0
2011-08-23,235,2011,Ducking Flats,0,0,0,0,0,0,0,0,0,0,0,0,0,0,0,0,0,0,0,0,0,0,0,0,0,0,0,0,0,0,1840,0,0,0
2011-08-23,235,2011,Grice Bay - Boat Launch,0,0,0,0,0,0,0,0,0,0,0,0,0,0,0,0,0,0,0,0,0,0,0,0,0,0,0,0,0,0,0,0,0,0
2011-08-23,235,2011,Sharp Road Lookout,0,0,0,0,0,0,0,0,0,0,0,0,0,0,0,0,0,0,0,0,0,0,2,0,0,0,0,0,0,0,3000,0,0,0
2011-08-23,235,2011,South Bay/Maltby Slough,0,0,0,0,0,0,0,0,0,0,0,0,0,0,0,0,0,0,0,0,0,0,0,0,0,0,0,0,0,0,5485,0,0,0
2011-08-26,238,2011,Arakan Flats,0,0,0,0,0,0,0,0,0,0,0,0,1,0,0,0,0,0,0,0,0,0,0,0,0,0,0,0,0,0,345,0,0,0
2011-08-26,238,2011,Chesterman Beach,0,0,0,0,0,0,0,0,0,0,0,0,24,0,0,0,0,0,0,0,0,2,0,7,0,0,0,0,0,0,870,1,0,0
2011-08-26,238,2011,Doug Banks' Flats,0,0,0,0,0,0,0,0,0,0,0,0,0,0,0,0,0,0,0,0,0,0,0,0,0,0,0,0,0,0,900,0,0,0
2011-08-26,238,2011,Ducking Flats,0,0,0,0,0,0,0,0,0,0,0,0,0,0,0,0,0,0,0,0,0,0,0,0,0,0,0,0,0,0,356,0,0,0
2011-08-26,238,2011,Sharp Road Lookout,0,0,0,0,0,0,0,0,0,0,0,0,0,0,0,0,0,0,0,0,0,0,0,0,0,0,0,0,0,0,900,0,0,0
2011-08-26,238,2011,South Bay/Maltby Slough,0,0,0,0,0,0,0,0,0,0,0,0,45,0,0,0,0,0,0,0,0,0,11,0,0,0,0,0,0,0,148,0,0,0
2011-08-27,239,2011,Grice Bay - Boat Launch,0,0,0,0,0,0,0,0,0,0,0,0,0,0,0,0,0,0,0,0,0,0,0,0,0,0,0,0,0,0,0,0,0,0
2011-08-30,242,2011,Chesterman Beach,0,0,0,0,0,0,0,0,0,0,0,0,17,0,0,0,0,0,0,0,0,7,0,7,1,0,0,0,0,0,1917,0,0,0
2011-08-30,242,2011,Doug Banks' Flats,0,0,0,0,0,0,0,0,0,0,0,0,0,0,0,0,0,0,0,0,0,0,0,0,0,0,0,0,0,0,0,0,0,0
2011-08-30,242,2011,Sharp Road Lookout,0,0,0,0,0,0,0,0,0,0,0,0,0,0,0,0,107,0,0,0,0,0,1,0,0,0,0,0,0,0,0,0,0,0
2011-08-31,243,2011,Arakan Flats,0,0,0,0,0,0,0,0,0,0,0,0,0,0,0,0,0,0,0,0,0,0,0,0,0,0,0,0,0,0,44,0,0,0
2011-08-31,243,2011,Ducking Flats,0,0,0,0,0,0,0,0,0,0,0,0,5,0,0,0,0,0,0,0,0,0,0,0,0,0,0,0,0,0,30,0,0,0
2011-08-31,243,2011,South Bay/Maltby Slough,0,0,0,0,0,0,0,0,0,0,0,0,0,0,0,0,0,0,0,0,0,0,12,0,0,0,0,0,0,0,58,0,0,0
2011-09-02,245,2011,Grice Bay - Boat Launch,0,0,0,0,0,0,0,0,0,0,0,0,0,0,0,0,0,0,0,0,0,0,0,0,0,0,0,0,0,0,0,0,0,0
2011-09-03,246,2011,Arakan Flats,0,0,0,0,0,0,0,0,0,0,0,0,0,0,0,0,0,0,0,0,0,0,0,0,0,0,0,0,0,0,145,0,0,0
2011-09-03,246,2011,Chesterman Beach,0,0,0,0,0,0,0,0,0,0,0,0,1,0,0,0,0,0,0,0,0,3,0,0,0,0,0,0,0,0,2332,0,0,0
2011-09-03,246,2011,Doug Banks' Flats,0,0,0,0,0,0,0,0,0,0,0,0,0,0,0,0,0,0,0,0,0,0,0,0,0,0,0,0,0,0,400,0,0,0
2011-09-03,246,2011,Ducking Flats,0,0,0,0,0,0,0,0,0,0,0,0,0,0,0,0,0,0,0,0,0,0,0,0,0,0,0,0,0,0,0,0,0,0
2011-09-03,246,2011,Sharp Road Lookout,0,0,0,0,0,0,0,0,0,0,0,0,0,0,0,0,0,0,0,0,0,0,0,0,0,0,0,0,0,0,0,0,0,0
2011-09-03,246,2011,South Bay/Maltby Slough,0,0,0,0,0,0,6,0,0,0,0,0,16,0,0,0,23,0,0,0,0,0,0,0,0,0,0,0,0,0,707,0,0,0
2011-09-04,247,2011,Grice Bay - Boat Launch,0,0,0,0,0,0,0,0,0,0,0,0,0,0,0,0,0,0,0,0,0,0,0,0,0,0,0,0,0,0,0,0,0,0
2011-09-06,249,2011,Arakan Flats,0,0,0,1,0,0,0,0,0,0,0,0,20,0,0,0,0,0,0,0,0,0,0,0,5,0,0,0,0,0,2370,0,0,0
2011-09-06,249,2011,Chesterman Beach,0,0,0,0,0,16,0,0,0,0,0,0,0,0,0,0,0,0,0,0,0,0,0,0,0,0,0,0,0,0,0,1,0,0
2011-09-06,249,2011,Doug Banks' Flats,0,0,0,0,0,0,0,0,0,0,0,0,0,0,0,0,0,0,0,0,0,0,0,0,0,0,0,0,0,0,0,0,0,0
2011-09-06,249,2011,Ducking Flats,0,0,0,0,0,0,0,0,0,0,0,0,0,0,0,0,0,0,0,0,0,0,0,0,0,0,0,0,0,0,0,0,0,0
2011-09-06,249,2011,Sharp Road Lookout,0,0,0,0,0,0,0,0,0,0,0,0,0,0,0,0,0,0,0,0,0,0,0,0,0,0,0,0,0,0,0,0,0,0
2011-09-06,249,2011,South Bay/Maltby Slough,0,0,0,0,0,0,0,0,0,0,0,0,0,0,0,0,0,0,0,0,0,0,0,0,0,0,0,0,0,0,0,0,0,0
2011-09-07,250,2011,Grice Bay - Boat Launch,0,0,0,0,0,0,0,0,0,0,0,0,0,0,0,0,0,0,0,0,0,0,0,0,0,0,0,0,0,0,0,0,0,0
2011-09-10,253,2011,Arakan Flats,0,0,0,0,0,0,0,0,0,0,0,0,0,0,0,0,0,0,0,0,0,0,0,0,0,0,0,0,0,0,135,0,0,0
2011-09-10,253,2011,Chesterman Beach,0,0,0,0,0,11,0,0,0,0,0,0,2,0,0,0,0,0,0,0,0,1,0,0,0,0,0,0,0,0,16,1,0,0
2011-09-10,253,2011,Doug Banks' Flats,0,0,0,0,0,0,0,0,0,0,0,0,0,0,0,0,0,0,0,0,0,0,0,0,0,0,0,0,0,0,29,0,0,0
2011-09-10,253,2011,Ducking Flats,0,0,0,0,0,0,0,0,0,0,0,0,0,0,0,0,0,0,0,0,0,0,0,0,0,0,0,0,0,0,25,0,0,0
2011-09-10,253,2011,Grice Bay - Boat Launch,0,0,0,0,0,0,0,0,0,0,0,0,0,0,0,0,14,0,0,0,0,0,0,0,0,0,0,0,0,0,0,0,0,0
2011-09-10,253,2011,Sharp Road Lookout,0,0,0,0,0,0,0,0,0,0,0,0,0,0,0,0,0,0,0,0,0,0,0,0,0,0,0,0,0,0,55,0,0,0
2011-09-10,253,2011,South Bay/Maltby Slough,0,0,0,0,0,0,0,0,0,0,0,0,0,0,0,0,0,0,0,0,0,0,0,0,0,0,0,0,0,0,0,0,0,0
2011-09-13,256,2011,Arakan Flats,0,0,0,0,0,0,0,0,0,0,0,0,0,0,0,0,0,0,0,0,0,1,0,0,0,0,0,0,0,0,4125,0,0,0
2011-09-13,256,2011,Chesterman Beach,0,0,1,0,0,18,0,0,0,0,0,0,1,0,0,0,0,0,0,0,0,13,0,0,0,0,0,0,0,0,45,0,0,0
2011-09-13,256,2011,Doug Banks' Flats,0,0,0,0,0,0,0,0,0,0,0,0,0,0,0,0,0,0,0,0,0,0,0,0,0,0,0,0,0,0,0,0,0,0
2011-09-13,256,2011,Ducking Flats,0,0,0,0,0,0,0,0,0,0,0,0,0,0,0,0,800,0,0,0,0,2,0,0,0,0,1,0,0,0,0,0,0,0
2011-09-13,256,2011,South Bay/Maltby Slough,0,0,0,0,0,0,0,0,0,0,0,0,0,0,0,0,20,0,0,0,0,0,0,0,0,0,0,0,0,0,180,0,0,0
2011-09-14,257,2011,Grice Bay - Boat Launch,0,0,0,0,0,0,0,0,0,0,0,0,0,0,0,0,0,0,0,0,0,0,0,0,0,0,0,0,0,0,0,0,0,0
2011-09-14,257,2011,Sharp Road Lookout,0,0,0,0,0,0,0,0,0,0,0,0,0,0,0,0,0,0,0,0,0,0,0,0,0,0,0,0,0,0,0,0,0,0
2011-09-16,259,2011,Arakan Flats,0,0,0,0,0,0,0,0,0,0,0,0,0,0,0,0,0,0,0,0,0,0,0,0,0,0,0,0,0,0,0,0,0,0
2011-09-16,259,2011,Chesterman Beach,0,0,0,0,0,2,0,0,0,0,0,0,0,0,0,0,0,0,0,9,0,12,0,0,0,0,0,0,0,0,7,0,0,0
2011-09-16,259,2011,Doug Banks' Flats,0,0,0,0,0,0,0,0,0,0,0,0,0,0,0,0,0,0,0,0,0,0,0,0,0,0,0,0,0,0,0,0,0,0
2011-09-16,259,2011,Ducking Flats,0,0,0,0,0,0,0,0,0,0,0,0,0,0,0,0,0,0,0,0,0,0,0,0,0,0,0,0,0,0,0,0,0,0
2011-09-16,259,2011,Sharp Road Lookout,0,0,0,0,0,0,0,0,0,0,0,0,0,0,0,0,0,0,0,0,0,0,0,0,0,0,0,0,0,0,0,0,0,0
2011-09-16,259,2011,South Bay/Maltby Slough,0,0,0,0,0,0,0,0,0,0,0,0,0,0,0,0,5,0,0,0,0,0,0,0,0,0,0,0,0,0,30,0,0,0
2011-09-17,260,2011,Grice Bay - Boat Launch,0,0,0,0,0,0,0,0,0,0,0,0,0,0,0,0,0,0,0,0,0,0,0,0,0,0,0,0,0,0,0,0,0,0
2011-09-19,262,2011,Arakan Flats,0,0,0,0,0,12,0,0,0,0,0,0,0,0,0,0,0,0,0,0,0,0,0,0,0,0,0,0,0,0,840,0,0,0
2011-09-19,262,2011,Chesterman Beach,0,0,0,0,0,24,2,0,0,0,0,0,0,0,0,0,0,0,0,0,0,0,0,0,0,0,0,0,0,0,0,0,0,0
2011-09-19,262,2011,Doug Banks' Flats,0,0,0,0,0,0,0,0,0,0,0,0,0,0,0,0,0,0,0,0,0,0,0,0,0,0,0,0,0,0,0,1,0,0
2011-09-19,262,2011,Ducking Flats,0,0,0,0,0,0,0,0,0,0,0,0,0,0,0,0,0,0,0,0,0,0,0,0,0,0,0,0,0,0,447,0,0,0
2011-09-19,262,2011,Sharp Road Lookout,0,0,0,0,0,0,0,0,0,0,0,0,0,0,0,0,0,0,0,0,0,0,0,0,0,0,0,0,0,0,0,0,0,0
2011-09-19,262,2011,South Bay/Maltby Slough,0,0,0,0,0,0,0,0,0,0,0,0,0,0,0,0,0,0,0,0,0,0,0,0,0,0,0,0,0,0,8,0,0,0
2011-09-20,263,2011,Grice Bay - Boat Launch,0,0,0,0,0,0,0,0,0,0,0,0,0,0,0,0,0,0,0,0,0,0,0,0,0,0,0,0,0,0,0,0,0,0
2011-09-23,266,2011,Chesterman Beach,0,0,0,14,0,16,42,3,0,0,0,0,0,0,2,0,50,6,0,0,0,19,0,0,0,0,0,1,0,0,550,0,0,0
2011-09-23,266,2011,Doug Banks' Flats,0,0,0,10,0,0,0,1,0,0,0,0,0,0,0,0,0,0,0,0,0,0,15,0,0,0,0,0,0,0,20,0,0,0
2011-09-23,266,2011,Sharp Road Lookout,0,0,0,0,0,0,0,0,0,0,0,0,0,0,0,0,0,0,0,0,0,0,0,0,0,0,0,0,0,0,0,0,0,0
2011-09-25,268,2011,Arakan Flats,0,0,0,0,0,12,0,0,0,0,0,0,0,0,0,0,0,0,0,0,0,0,0,0,0,0,0,0,0,0,0,0,0,0
2011-09-25,268,2011,Ducking Flats,0,0,0,0,0,0,0,0,0,0,0,0,0,0,0,0,0,0,0,0,0,0,0,0,0,0,0,0,0,0,20,0,0,0
2011-09-25,268,2011,South Bay/Maltby Slough,0,0,0,4,0,0,0,0,1,0,0,0,0,0,0,0,0,0,0,0,0,0,2,0,0,0,0,0,0,0,670,0,0,0
2011-09-28,271,2011,Chesterman Beach,0,0,0,0,0,13,0,0,0,0,0,0,0,0,0,0,0,0,0,0,0,0,0,0,0,1,0,0,0,0,0,0,0,0
2011-09-28,271,2011,Doug Banks' Flats,0,0,0,0,0,0,0,0,0,0,0,0,0,0,8,0,0,0,0,0,0,0,38,0,0,0,0,0,0,0,70,0,0,0
2011-09-28,271,2011,Sharp Road Lookout,0,0,0,0,0,0,0,0,0,0,0,0,0,0,0,0,0,0,0,0,0,0,0,0,0,0,0,0,0,0,20,0,0,0
2011-09-29,272,2011,Arakan Flats,0,0,0,0,0,28,0,0,0,0,0,0,0,0,0,0,0,0,0,0,0,0,0,0,0,0,0,0,0,0,84,0,0,0
2011-09-29,272,2011,Ducking Flats,0,0,0,0,0,0,0,0,0,0,0,0,0,0,0,0,0,0,0,0,0,0,1,0,0,0,0,0,0,0,6,0,0,0
2011-09-29,272,2011,South Bay/Maltby Slough,0,0,0,0,0,1,0,0,0,0,0,0,0,0,0,0,0,0,0,0,0,0,0,0,0,0,0,0,0,0,45,0,0,0
2011-10-01,274,2011,Arakan Flats,0,0,0,0,0,37,9,0,0,0,0,0,0,0,3,0,0,0,0,0,0,0,0,0,0,0,0,0,0,0,10,0,0,0
2011-10-01,274,2011,Chesterman Beach,0,0,0,0,0,23,0,0,0,0,0,0,0,0,0,0,0,0,0,0,0,4,0,0,0,0,0,0,0,0,30,0,0,0
2011-10-01,274,2011,Doug Banks' Flats,0,0,0,0,0,0,0,0,1,0,0,0,0,0,1,0,0,0,0,0,0,0,0,0,0,0,0,0,0,0,0,0,0,0
2011-10-01,274,2011,Ducking Flats,0,0,0,0,0,0,0,0,0,0,0,0,0,0,0,0,0,0,0,0,0,0,0,0,0,0,0,0,0,0,8,0,0,0
2011-10-01,274,2011,Sharp Road Lookout,0,0,0,1,0,0,0,0,0,0,0,0,0,0,0,0,0,0,0,0,0,0,0,0,0,0,0,0,0,0,0,0,0,0
2011-10-01,274,2011,South Bay/Maltby Slough,0,0,0,0,0,0,0,0,0,0,0,0,0,0,0,0,0,0,0,0,0,0,0,0,0,0,0,0,0,0,450,0,0,0
2011-10-02,275,2011,Grice Bay - Boat Launch,0,0,0,0,0,0,0,0,0,0,0,0,0,0,0,0,0,0,0,0,0,0,0,0,0,0,0,0,0,0,0,0,0,0
2011-10-04,277,2011,Chesterman Beach,0,0,0,0,0,9,12,0,0,0,0,0,0,0,0,0,0,0,0,0,0,0,0,0,0,0,0,79,0,0,0,0,0,0
2011-10-04,277,2011,Doug Banks' Flats,0,0,0,0,0,0,0,0,0,0,0,0,0,0,0,0,0,0,0,0,0,0,0,0,0,0,0,0,0,0,0,0,0,0
2011-10-04,277,2011,Sharp Road Lookout,0,0,0,0,0,0,0,0,0,0,0,0,0,0,0,0,0,0,0,0,0,0,0,0,0,0,0,0,0,0,0,0,0,0
2011-10-05,278,2011,Arakan Flats,0,0,0,0,0,30,29,0,0,0,0,0,0,0,0,0,0,0,0,0,0,0,0,0,0,0,0,3,0,0,50,0,0,0
2011-10-05,278,2011,Ducking Flats,0,0,0,0,0,52,0,0,0,0,0,0,1,0,2,0,0,0,0,0,0,0,0,0,0,0,0,0,0,0,120,0,0,0
2011-10-05,278,2011,South Bay/Maltby Slough,0,0,0,0,0,0,0,0,0,0,0,0,0,0,0,0,0,0,0,0,0,0,0,0,0,0,0,0,0,0,120,0,0,0
2011-10-06,279,2011,Grice Bay - Boat Launch,0,0,0,0,0,0,0,0,0,0,0,0,0,0,0,0,0,0,0,0,0,0,0,0,0,0,0,0,0,0,0,0,0,0
2011-10-07,280,2011,Arakan Flats,0,0,0,0,0,40,0,0,0,0,0,0,0,0,0,0,0,0,0,0,0,0,0,0,0,0,0,0,0,0,0,0,0,0
2011-10-07,280,2011,Chesterman Beach,0,0,0,0,0,0,37,0,0,0,0,0,0,0,0,0,0,0,0,0,0,0,0,0,0,0,0,74,0,0,0,0,0,0
2011-10-07,280,2011,Doug Banks' Flats,0,0,0,0,0,0,0,0,0,0,0,0,0,0,2,0,0,0,0,0,0,0,0,0,0,0,0,0,0,0,0,0,0,0
2011-10-07,280,2011,Ducking Flats,0,0,0,0,0,0,0,0,0,0,0,0,0,0,0,0,0,0,0,0,0,0,0,0,0,0,0,0,0,0,0,0,0,0
2011-10-07,280,2011,South Bay/Maltby Slough,0,0,0,0,0,0,0,0,0,0,0,0,0,0,0,0,0,0,0,0,0,0,0,0,0,0,0,0,0,0,0,0,0,0
2011-10-08,281,2011,Grice Bay - Boat Launch,0,0,0,0,0,0,0,0,0,0,0,0,0,0,0,0,0,0,0,0,0,0,0,0,0,0,0,0,0,0,0,0,0,0
2011-10-08,281,2011,Sharp Road Lookout,0,0,0,0,0,0,0,0,0,0,0,0,0,0,2,0,0,0,0,0,0,0,0,0,0,0,0,0,0,0,0,0,0,0
